EMP_ID,DATE,LSA
177359,10-08-2023,1
177359,22-01-2024,1
177359,22-03-2024,1
177359,11-04-2024,1
177359,12-04-2024,1
177359,13-04-2024,1
214423,28-12-2023,1
214423,30-12-2023,1
214423,07-01-2024,1
214423,14-01-2024,1
214423,22-01-2024,1
214423,23-01-2024,1
214423,24-01-2024,1
214423,26-01-2024,1
214423,08-02-2024,1
214423,04-03-2024,1
214423,11-04-2024,1
215437,01-12-2023,1
215437,16-12-2023,1
215437,22-12-2023,1
215437,29-12-2023,1
215437,30-12-2023,1
215437,31-12-2023,1
215437,02-01-2024,1
215437,03-01-2024,1
215437,04-01-2024,1
215437,26-01-2024,1
215437,28-02-2024,1
215437,09-03-2024,1
215437,10-03-2024,1
215437,10-04-2024,1
215437,11-04-2024,1
215437,19-04-2024,1
235745,28-09-2023,1
235745,30-11-2023,1
235745,10-12-2023,1
235745,17-12-2023,1
235745,18-12-2023,1
235745,31-12-2023,1
235745,01-01-2024,1
235745,01-01-2024,1
235745,15-01-2024,1
235745,04-02-2024,1
235745,18-02-2024,1
235745,19-02-2024,1
235745,03-03-2024,1
235745,06-03-2024,1
235745,31-03-2024,1
235745,14-04-2024,1
235745,30-04-2024,1
342844,31-05-2023,1
342844,28-09-2023,1
342844,20-12-2023,1
342844,21-12-2023,1
342844,22-12-2023,1
342844,23-12-2023,1
342844,09-01-2024,1
342844,14-01-2024,1
342844,15-01-2024,1
342844,16-01-2024,1
342844,25-02-2024,1
342844,03-03-2024,1
342864,16-01-2024,1
342864,06-02-2024,1
342864,11-02-2024,1
342864,22-02-2024,1
342864,22-03-2024,1
342864,23-03-2024,1
342864,27-03-2024,1
342864,09-04-2024,1
342912,22-01-2024,1
342914,13-03-2024,1
342914,14-03-2024,1
342914,05-04-2024,1
343208,28-09-2023,1
343208,18-11-2023,1
343208,12-12-2023,1
343208,15-12-2023,1
343208,16-01-2024,1
343208,09-02-2024,1
343208,05-04-2024,1
343208,09-04-2024,1
343276,14-12-2023,1
343276,15-12-2023,1
343276,20-12-2023,1
343276,15-01-2024,1
343276,27-01-2024,1
343276,08-02-2024,1
343276,29-02-2024,1
343276,09-03-2024,1
343276,14-03-2024,1
343276,19-03-2024,1
343276,25-03-2024,1
343276,28-03-2024,1
343276,15-04-2024,1
343276,25-04-2024,1
600032,08-06-2023,1
600032,09-06-2023,1
600032,12-06-2023,1
600032,08-08-2023,1
600032,10-08-2023,1
600032,06-09-2023,1
600032,28-09-2023,1
600032,30-09-2023,1
600032,01-10-2023,1
600032,18-11-2023,1
600032,19-11-2023,1
600032,03-12-2023,1
600032,12-12-2023,1
600032,06-01-2024,1
600032,07-01-2024,1
600032,10-01-2024,1
600032,01-02-2024,1
600032,03-02-2024,1
600032,04-02-2024,1
600032,21-02-2024,1
600032,14-03-2024,1
600032,24-03-2024,1
600032,25-03-2024,1
600032,17-04-2024,1
600032,23-04-2024,1
600032,30-04-2024,1
650135,19-12-2023,1
650135,20-12-2023,1
650135,08-01-2024,1
650135,19-02-2024,1
650135,23-02-2024,1
650135,01-03-2024,1
650135,02-03-2024,1
650135,03-03-2024,1
650135,04-03-2024,1
650135,05-03-2024,1
650135,15-03-2024,1
650135,01-04-2024,1
650135,12-04-2024,1
650135,13-04-2024,1
650261,03-06-2023,1
650261,04-06-2023,1
650261,05-06-2023,1
650261,06-06-2023,1
650261,07-06-2023,1
650261,08-06-2023,1
650261,09-06-2023,1
650261,10-06-2023,1
650261,11-06-2023,1
650261,12-06-2023,1
650261,13-06-2023,1
650261,14-06-2023,1
650261,15-06-2023,1
650261,16-06-2023,1
650261,17-06-2023,1
650261,18-06-2023,1
650261,19-06-2023,1
650261,20-06-2023,1
650261,21-06-2023,1
650261,22-06-2023,1
650261,23-06-2023,1
650261,24-06-2023,1
650261,25-06-2023,1
650261,26-06-2023,1
650261,27-06-2023,1
650261,28-06-2023,1
650261,29-06-2023,1
650261,30-06-2023,1
650261,01-07-2023,1
650261,02-07-2023,1
650261,03-07-2023,1
650261,04-07-2023,1
650261,05-07-2023,1
650261,06-07-2023,1
650261,07-07-2023,1
650261,08-07-2023,1
650261,09-07-2023,1
650261,10-07-2023,1
650261,11-07-2023,1
650261,12-07-2023,1
650261,13-07-2023,1
650261,14-07-2023,1
650261,15-07-2023,1
650261,16-07-2023,1
650261,17-07-2023,1
650261,18-07-2023,1
650261,19-07-2023,1
650261,20-07-2023,1
650261,21-07-2023,1
650261,22-07-2023,1
650261,23-07-2023,1
650261,24-07-2023,1
650261,25-07-2023,1
650261,26-07-2023,1
650261,27-07-2023,1
650261,28-07-2023,1
650261,29-07-2023,1
650261,30-07-2023,1
650261,31-07-2023,1
650261,01-08-2023,1
650261,02-08-2023,1
650261,03-08-2023,1
650261,04-08-2023,1
650261,05-08-2023,1
650261,06-08-2023,1
650261,07-08-2023,1
650261,08-08-2023,1
650261,09-08-2023,1
650261,10-08-2023,1
650261,11-08-2023,1
650261,12-08-2023,1
650261,13-08-2023,1
650261,14-08-2023,1
650261,15-08-2023,1
650261,16-08-2023,1
650261,18-08-2023,1
650261,28-09-2023,1
650261,09-12-2023,1
650261,30-12-2023,1
650261,27-01-2024,1
650261,30-01-2024,1
650261,16-03-2024,1
650289,19-11-2023,1
650289,23-11-2023,1
650289,30-11-2023,1
650289,10-12-2023,1
650289,21-12-2023,1
650289,22-12-2023,1
650289,24-12-2023,1
650289,25-12-2023,1
650289,26-12-2023,1
650289,27-12-2023,1
650289,28-12-2023,1
650289,10-01-2024,1
650289,15-01-2024,1
650289,16-01-2024,1
650289,21-01-2024,1
650289,22-01-2024,1
650289,23-01-2024,1
650289,24-01-2024,1
650289,25-01-2024,1
650289,26-01-2024,1
650289,27-01-2024,1
650289,28-01-2024,1
650289,29-01-2024,1
650289,30-01-2024,1
650289,31-01-2024,1
650289,22-02-2024,1
650289,27-02-2024,1
650289,07-03-2024,1
650289,10-03-2024,1
650289,14-03-2024,1
650289,24-03-2024,1
650289,10-04-2024,1
650289,20-04-2024,1
650289,21-04-2024,1
650289,22-04-2024,1
650289,23-04-2024,1
650289,25-04-2024,1
650289,30-04-2024,1
650290,28-09-2023,1
650290,30-11-2023,1
650290,13-12-2023,1
650290,14-12-2023,1
650290,25-12-2023,1
650290,31-01-2024,1
650290,02-03-2024,1
650290,03-03-2024,1
650290,29-03-2024,1
650290,09-04-2024,1
650290,11-04-2024,1
650323,09-12-2023,1
650323,16-12-2023,1
650323,13-01-2024,1
650323,27-01-2024,1
650323,17-02-2024,1
650323,24-02-2024,1
650323,03-03-2024,1
650323,09-03-2024,1
650323,19-03-2024,1
650535,10-10-2023,1
650535,25-12-2023,1
650535,11-01-2024,1
650535,12-01-2024,1
650535,13-01-2024,1
650535,13-01-2024,1
650535,19-02-2024,1
650535,20-02-2024,1
650535,28-03-2024,1
650589,28-12-2023,1
650589,30-12-2023,1
650589,22-01-2024,1
650589,29-03-2024,1
650589,22-04-2024,1
650605,12-04-2023,1
650605,01-12-2023,1
650605,02-12-2023,1
650605,03-12-2023,1
650605,04-12-2023,1
650605,05-12-2023,1
650605,06-12-2023,1
650605,07-12-2023,1
650605,08-12-2023,1
650605,09-12-2023,1
650605,10-12-2023,1
650605,11-12-2023,1
650605,12-12-2023,1
650605,13-12-2023,1
650605,14-12-2023,1
650605,15-12-2023,1
650605,16-12-2023,1
650605,17-12-2023,1
650605,18-12-2023,1
650605,19-12-2023,1
650605,20-12-2023,1
650605,21-12-2023,1
650605,22-12-2023,1
650605,23-12-2023,1
650605,24-12-2023,1
650605,25-12-2023,1
650605,26-12-2023,1
650605,27-12-2023,1
650605,28-12-2023,1
650605,29-12-2023,1
650605,30-12-2023,1
650605,31-12-2023,1
650605,01-01-2024,1
650605,02-01-2024,1
650605,03-01-2024,1
650605,04-01-2024,1
650605,05-01-2024,1
650605,06-01-2024,1
650605,07-01-2024,1
650605,08-01-2024,1
650605,09-01-2024,1
650605,10-01-2024,1
650605,11-01-2024,1
650605,12-01-2024,1
650605,13-01-2024,1
650605,14-01-2024,1
650605,15-01-2024,1
650605,16-01-2024,1
650605,17-01-2024,1
650605,18-01-2024,1
650605,19-01-2024,1
650605,20-01-2024,1
650605,21-01-2024,1
650605,22-01-2024,1
650605,23-01-2024,1
650605,24-01-2024,1
650605,25-01-2024,1
650605,26-01-2024,1
650605,27-01-2024,1
650605,28-01-2024,1
650605,29-01-2024,1
650605,30-01-2024,1
650605,31-01-2024,1
650605,01-02-2024,1
650605,02-02-2024,1
650605,03-02-2024,1
650605,04-02-2024,1
650605,05-02-2024,1
650605,06-02-2024,1
650605,07-02-2024,1
650605,08-02-2024,1
650605,09-02-2024,1
650605,10-02-2024,1
650605,11-02-2024,1
650605,12-02-2024,1
650605,13-02-2024,1
650605,14-02-2024,1
650605,15-02-2024,1
650605,16-02-2024,1
650605,17-02-2024,1
650605,18-02-2024,1
650605,19-02-2024,1
650605,20-02-2024,1
650605,21-02-2024,1
650605,22-02-2024,1
650605,23-02-2024,1
650605,24-02-2024,1
650605,25-02-2024,1
650605,26-02-2024,1
650605,27-02-2024,1
650605,28-02-2024,1
650605,29-02-2024,1
650605,01-03-2024,1
650605,02-03-2024,1
650605,03-03-2024,1
650605,04-03-2024,1
650605,05-03-2024,1
650605,06-03-2024,1
650605,07-03-2024,1
650605,08-03-2024,1
650605,09-03-2024,1
650605,10-03-2024,1
650605,11-03-2024,1
650605,12-03-2024,1
650605,13-03-2024,1
650605,14-03-2024,1
650605,15-03-2024,1
650605,16-03-2024,1
650605,17-03-2024,1
650605,18-03-2024,1
650605,19-03-2024,1
650605,20-03-2024,1
650605,21-03-2024,1
650605,22-03-2024,1
650605,23-03-2024,1
650605,24-03-2024,1
650605,25-03-2024,1
650605,26-03-2024,1
650605,27-03-2024,1
650605,28-03-2024,1
650605,29-03-2024,1
650605,30-03-2024,1
650605,31-03-2024,1
650605,01-04-2024,1
650605,02-04-2024,1
650605,03-04-2024,1
650605,24-04-2024,1
650845,28-11-2023,1
650845,15-01-2024,1
650845,18-03-2024,1
650845,21-03-2024,1
650845,05-04-2024,1
650845,09-04-2024,1
650845,22-04-2024,1
650872,30-05-2023,1
650872,31-05-2023,1
650872,01-06-2023,1
650872,02-06-2023,1
650872,03-06-2023,1
650872,04-06-2023,1
650872,05-06-2023,1
650872,06-06-2023,1
650872,07-06-2023,1
650872,08-06-2023,1
650872,28-09-2023,1
650872,30-12-2023,1
650872,31-12-2023,1
650872,01-01-2024,1
650872,01-01-2024,1
650872,02-01-2024,1
650872,03-01-2024,1
650872,03-01-2024,1
650872,04-01-2024,1
650872,04-01-2024,1
650872,05-01-2024,1
650872,06-01-2024,1
650872,07-01-2024,1
650872,08-01-2024,1
650872,09-01-2024,1
650872,10-01-2024,1
650872,11-01-2024,1
650872,12-01-2024,1
650872,13-01-2024,1
650872,14-01-2024,1
650872,15-01-2024,1
650872,16-01-2024,1
650872,17-01-2024,1
650872,18-01-2024,1
650872,19-01-2024,1
650872,20-01-2024,1
650872,21-01-2024,1
650872,22-01-2024,1
650872,23-01-2024,1
650872,24-01-2024,1
650872,25-01-2024,1
650872,26-01-2024,1
650872,09-02-2024,1
650872,29-02-2024,1
650872,01-03-2024,1
650872,10-03-2024,1
650872,22-03-2024,1
650872,05-04-2024,1
650892,01-12-2023,1
650892,02-12-2023,1
650892,03-12-2023,1
650892,04-12-2023,1
650892,05-12-2023,1
650892,06-12-2023,1
650892,07-12-2023,1
650892,08-12-2023,1
650892,09-12-2023,1
650892,10-12-2023,1
650892,11-12-2023,1
650892,30-01-2024,1
650892,24-02-2024,1
650892,25-02-2024,1
650892,17-03-2024,1
650892,28-03-2024,1
650892,13-04-2024,1
650892,21-04-2024,1
650922,10-08-2023,1
650922,23-11-2023,1
650922,11-01-2024,1
650922,20-02-2024,1
650922,05-03-2024,1
650922,24-03-2024,1
650922,04-04-2024,1
650922,05-04-2024,1
650930,28-11-2023,1
650930,08-12-2023,1
650930,12-12-2023,1
650930,26-12-2023,1
650930,30-01-2024,1
650930,07-02-2024,1
650930,08-02-2024,1
650930,09-04-2024,1
650945,27-12-2023,1
650945,28-12-2023,1
650945,30-01-2024,1
650945,31-01-2024,1
650945,20-03-2024,1
650945,09-04-2024,1
650956,06-05-2023,1
650956,30-11-2023,1
650956,07-12-2023,1
650956,12-12-2023,1
650956,13-12-2023,1
650956,14-12-2023,1
650956,15-12-2023,1
650956,16-12-2023,1
650956,17-12-2023,1
650956,18-12-2023,1
650956,25-12-2023,1
650956,01-01-2024,1
650956,15-01-2024,1
650956,27-02-2024,1
650956,28-02-2024,1
650956,29-02-2024,1
650956,01-03-2024,1
650956,02-03-2024,1
650956,03-03-2024,1
650956,04-03-2024,1
650956,05-03-2024,1
650956,06-03-2024,1
650956,07-03-2024,1
650956,23-04-2024,1
651024,02-12-2023,1
651024,03-12-2023,1
651024,04-12-2023,1
651024,05-12-2023,1
651024,06-12-2023,1
651024,07-12-2023,1
651024,08-12-2023,1
651024,09-12-2023,1
651024,10-12-2023,1
651024,11-12-2023,1
651024,12-12-2023,1
651024,13-12-2023,1
651024,14-12-2023,1
651024,15-12-2023,1
651024,16-12-2023,1
651024,17-12-2023,1
651024,05-04-2024,1
651276,04-12-2023,1
651276,25-12-2023,1
651276,02-01-2024,1
651276,03-01-2024,1
651276,14-02-2024,1
651276,06-03-2024,1
651276,15-04-2024,1
651276,19-04-2024,1
651344,18-07-2023,1
651344,11-08-2023,1
651344,12-08-2023,1
651344,01-12-2023,1
651344,02-01-2024,1
651344,03-01-2024,1
651344,04-01-2024,1
651344,05-01-2024,1
651344,05-01-2024,1
651344,25-01-2024,1
651344,18-02-2024,1
651344,01-03-2024,1
651344,05-04-2024,1
651344,09-04-2024,1
651344,20-04-2024,1
651345,06-05-2023,1
651345,20-12-2023,1
651345,07-01-2024,1
651345,24-01-2024,1
651345,25-01-2024,1
651345,28-01-2024,1
651365,30-11-2023,1
651365,03-12-2023,1
651365,10-12-2023,1
651365,25-12-2023,1
651365,26-12-2023,1
651365,22-02-2024,1
651391,30-11-2023,1
651391,10-02-2024,1
651391,14-02-2024,1
651391,13-03-2024,1
651391,24-03-2024,1
651391,25-03-2024,1
651391,03-04-2024,1
651391,10-04-2024,1
651391,17-04-2024,1
651803,01-12-2023,1
651803,22-12-2023,1
651803,23-12-2023,1
651803,24-12-2023,1
651803,22-01-2024,1
651803,19-02-2024,1
651803,20-02-2024,1
651803,02-03-2024,1
651803,11-03-2024,1
651928,28-09-2023,1
651928,01-12-2023,1
651928,05-12-2023,1
651928,19-12-2023,1
651928,22-12-2023,1
651928,05-01-2024,1
651928,09-01-2024,1
651928,10-01-2024,1
651928,11-01-2024,1
651928,12-01-2024,1
651928,13-01-2024,1
651928,13-01-2024,1
651928,14-01-2024,1
651928,17-01-2024,1
651928,18-01-2024,1
651928,21-01-2024,1
651928,07-02-2024,1
651928,12-03-2024,1
651928,19-03-2024,1
651928,29-03-2024,1
651929,30-11-2023,1
651929,01-03-2024,1
651929,02-03-2024,1
651929,03-03-2024,1
651929,04-03-2024,1
651929,05-03-2024,1
651929,06-03-2024,1
651929,07-03-2024,1
651929,08-03-2024,1
651929,09-03-2024,1
651929,10-03-2024,1
651929,11-03-2024,1
651929,12-03-2024,1
651929,13-03-2024,1
651929,14-03-2024,1
651929,15-03-2024,1
651929,16-03-2024,1
651929,17-03-2024,1
651929,18-03-2024,1
651929,19-03-2024,1
651929,20-03-2024,1
651929,21-03-2024,1
651929,22-03-2024,1
651929,23-03-2024,1
651929,24-03-2024,1
651929,25-03-2024,1
651929,26-03-2024,1
651929,27-03-2024,1
651929,28-03-2024,1
651929,29-03-2024,1
651929,30-03-2024,1
651929,31-03-2024,1
651929,01-04-2024,1
651929,02-04-2024,1
651929,03-04-2024,1
651929,04-04-2024,1
651929,05-04-2024,1
651929,06-04-2024,1
651929,07-04-2024,1
651929,08-04-2024,1
651929,09-04-2024,1
651929,10-04-2024,1
651929,11-04-2024,1
651929,12-04-2024,1
651929,13-04-2024,1
651929,14-04-2024,1
651929,15-04-2024,1
651929,16-04-2024,1
651929,17-04-2024,1
651929,18-04-2024,1
651929,19-04-2024,1
651929,20-04-2024,1
651929,21-04-2024,1
651929,22-04-2024,1
651929,23-04-2024,1
651929,24-04-2024,1
651929,25-04-2024,1
651929,26-04-2024,1
651929,27-04-2024,1
651929,28-04-2024,1
651929,29-04-2024,1
651929,30-04-2024,1
651930,02-06-2023,1
651930,09-06-2023,1
651930,10-06-2023,1
651930,11-06-2023,1
651930,12-06-2023,1
651930,13-06-2023,1
651930,14-06-2023,1
651930,15-06-2023,1
651930,16-06-2023,1
651930,17-06-2023,1
651930,18-06-2023,1
651930,19-06-2023,1
651930,20-06-2023,1
651930,21-06-2023,1
651930,22-06-2023,1
651930,23-06-2023,1
651930,24-06-2023,1
651930,25-06-2023,1
651930,26-06-2023,1
651930,27-06-2023,1
651930,28-06-2023,1
651930,29-06-2023,1
651930,30-06-2023,1
651930,01-07-2023,1
651930,02-07-2023,1
651930,03-07-2023,1
651930,04-07-2023,1
651930,05-07-2023,1
651930,06-07-2023,1
651930,07-07-2023,1
651930,08-07-2023,1
651930,09-07-2023,1
651930,10-07-2023,1
651930,11-07-2023,1
651930,12-07-2023,1
651930,13-07-2023,1
651930,14-07-2023,1
651930,15-07-2023,1
651930,16-07-2023,1
651930,17-07-2023,1
651930,18-07-2023,1
651930,19-07-2023,1
651930,20-07-2023,1
651930,21-07-2023,1
651930,22-07-2023,1
651930,23-07-2023,1
651930,24-07-2023,1
651930,25-07-2023,1
651930,26-07-2023,1
651930,27-07-2023,1
651930,28-07-2023,1
651930,29-07-2023,1
651930,30-07-2023,1
651930,31-07-2023,1
651930,01-08-2023,1
651930,02-08-2023,1
651930,03-08-2023,1
651930,04-08-2023,1
651930,05-08-2023,1
651930,06-08-2023,1
651930,07-08-2023,1
651930,08-08-2023,1
651930,09-08-2023,1
651930,10-08-2023,1
651930,11-08-2023,1
651930,12-08-2023,1
651930,13-08-2023,1
651930,14-08-2023,1
651930,15-08-2023,1
651930,16-08-2023,1
651930,06-12-2023,1
651930,16-12-2023,1
651930,20-12-2023,1
651930,26-12-2023,1
651930,27-12-2023,1
651930,07-01-2024,1
651930,03-03-2024,1
651930,17-03-2024,1
651930,26-03-2024,1
651930,06-04-2024,1
651930,07-04-2024,1
651930,12-04-2024,1
651934,31-12-2023,1
651934,05-01-2024,1
651934,13-01-2024,1
651934,20-01-2024,1
651934,04-02-2024,1
651934,08-03-2024,1
651934,15-03-2024,1
651934,19-03-2024,1
651934,30-03-2024,1
651934,05-04-2024,1
651934,06-04-2024,1
651943,20-04-2023,1
651943,27-11-2023,1
651943,14-12-2023,1
651943,21-12-2023,1
651943,08-01-2024,1
651943,09-01-2024,1
651943,18-01-2024,1
651943,06-02-2024,1
651943,23-02-2024,1
651943,08-03-2024,1
651943,22-03-2024,1
651943,25-04-2024,1
652176,20-01-2024,1
652176,24-01-2024,1
652176,17-02-2024,1
652176,27-03-2024,1
652345,16-12-2023,1
652345,20-01-2024,1
652345,21-01-2024,1
652345,22-01-2024,1
652345,23-01-2024,1
652345,31-01-2024,1
652345,17-02-2024,1
652345,18-02-2024,1
652345,21-02-2024,1
652345,19-03-2024,1
652345,26-03-2024,1
652345,27-03-2024,1
652345,28-03-2024,1
652345,29-03-2024,1
652345,09-04-2024,1
652350,09-12-2023,1
652350,17-12-2023,1
652350,07-01-2024,1
652350,08-01-2024,1
652350,12-03-2024,1
652350,16-03-2024,1
652350,19-03-2024,1
652350,13-04-2024,1
652350,23-04-2024,1
652352,29-05-2023,1
652352,30-05-2023,1
652352,15-09-2023,1
652352,29-11-2023,1
652352,08-12-2023,1
652352,19-01-2024,1
652352,02-02-2024,1
652352,23-02-2024,1
652352,27-03-2024,1
652352,28-03-2024,1
652352,19-04-2024,1
652355,11-12-2023,1
652355,15-12-2023,1
652355,16-12-2023,1
652355,23-12-2023,1
652355,26-12-2023,1
652355,28-12-2023,1
652355,30-12-2023,1
652355,31-12-2023,1
652355,02-01-2024,1
652355,29-01-2024,1
652355,05-04-2024,1
652355,15-04-2024,1
652357,01-04-2023,1
652357,02-04-2023,1
652357,03-04-2023,1
652357,04-04-2023,1
652357,05-04-2023,1
652357,06-04-2023,1
652357,07-04-2023,1
652357,08-04-2023,1
652357,18-12-2023,1
652357,30-12-2023,1
652357,16-01-2024,1
652357,31-01-2024,1
652357,08-02-2024,1
652357,19-02-2024,1
652357,06-04-2024,1
652357,09-04-2024,1
652357,16-04-2024,1
652357,27-04-2024,1
652377,06-12-2023,1
652377,11-12-2023,1
652377,22-12-2023,1
652377,23-12-2023,1
652377,24-12-2023,1
652377,25-12-2023,1
652377,26-12-2023,1
652377,05-01-2024,1
652377,15-01-2024,1
652377,23-03-2024,1
652377,24-03-2024,1
652380,06-05-2023,1
652380,11-05-2023,1
652380,24-11-2023,1
652380,01-12-2023,1
652380,02-12-2023,1
652380,03-12-2023,1
652380,04-12-2023,1
652380,05-12-2023,1
652380,06-12-2023,1
652380,07-12-2023,1
652380,08-12-2023,1
652380,09-12-2023,1
652380,10-12-2023,1
652380,11-12-2023,1
652380,12-12-2023,1
652380,13-12-2023,1
652380,14-12-2023,1
652380,15-12-2023,1
652380,16-12-2023,1
652380,17-12-2023,1
652380,18-12-2023,1
652380,19-12-2023,1
652380,20-12-2023,1
652380,21-12-2023,1
652380,22-12-2023,1
652380,23-12-2023,1
652380,24-12-2023,1
652380,25-12-2023,1
652380,26-12-2023,1
652380,27-12-2023,1
652380,28-12-2023,1
652380,29-12-2023,1
652380,30-12-2023,1
652380,31-12-2023,1
652380,01-01-2024,1
652380,02-01-2024,1
652380,03-01-2024,1
652380,04-01-2024,1
652380,05-01-2024,1
652380,06-01-2024,1
652380,07-01-2024,1
652380,08-01-2024,1
652380,09-01-2024,1
652380,10-01-2024,1
652380,11-01-2024,1
652380,12-01-2024,1
652380,13-01-2024,1
652380,14-01-2024,1
652380,15-01-2024,1
652380,16-01-2024,1
652380,17-01-2024,1
652380,18-01-2024,1
652380,19-01-2024,1
652380,20-01-2024,1
652380,21-01-2024,1
652380,22-01-2024,1
652380,23-01-2024,1
652380,24-01-2024,1
652380,25-01-2024,1
652380,25-01-2024,1
652380,26-01-2024,1
652380,26-01-2024,1
652380,27-01-2024,1
652380,28-01-2024,1
652380,29-01-2024,1
652380,30-01-2024,1
652380,31-01-2024,1
652380,01-02-2024,1
652380,02-02-2024,1
652380,03-02-2024,1
652380,04-02-2024,1
652380,05-02-2024,1
652380,06-02-2024,1
652380,07-02-2024,1
652380,08-02-2024,1
652380,09-02-2024,1
652380,10-02-2024,1
652380,11-02-2024,1
652380,12-02-2024,1
652380,13-02-2024,1
652380,14-02-2024,1
652380,15-02-2024,1
652380,16-02-2024,1
652380,17-02-2024,1
652380,18-02-2024,1
652380,19-02-2024,1
652380,20-02-2024,1
652380,21-02-2024,1
652380,22-02-2024,1
652380,23-02-2024,1
652380,24-02-2024,1
652380,25-02-2024,1
652380,26-02-2024,1
652380,27-02-2024,1
652380,28-02-2024,1
652380,29-02-2024,1
652380,01-03-2024,1
652380,02-03-2024,1
652380,03-03-2024,1
652380,04-03-2024,1
652380,05-03-2024,1
652380,06-03-2024,1
652380,07-03-2024,1
652380,08-03-2024,1
652380,09-03-2024,1
652380,10-03-2024,1
652380,11-03-2024,1
652380,12-03-2024,1
652380,13-03-2024,1
652380,14-03-2024,1
652380,15-03-2024,1
652380,16-03-2024,1
652380,17-03-2024,1
652380,18-03-2024,1
652380,19-03-2024,1
652380,20-03-2024,1
652380,21-03-2024,1
652380,22-03-2024,1
652380,23-03-2024,1
652380,24-03-2024,1
652380,25-03-2024,1
652380,26-03-2024,1
652380,27-03-2024,1
652380,28-03-2024,1
652380,29-03-2024,1
652380,30-03-2024,1
652380,31-03-2024,1
652380,01-04-2024,1
652380,02-04-2024,1
652380,03-04-2024,1
652380,04-04-2024,1
652380,05-04-2024,1
652380,06-04-2024,1
652380,07-04-2024,1
652380,08-04-2024,1
652380,09-04-2024,1
652380,10-04-2024,1
652380,11-04-2024,1
652380,12-04-2024,1
652380,13-04-2024,1
652380,14-04-2024,1
652380,15-04-2024,1
652380,16-04-2024,1
652380,17-04-2024,1
652380,18-04-2024,1
652380,19-04-2024,1
652380,20-04-2024,1
652380,21-04-2024,1
652380,22-04-2024,1
652380,23-04-2024,1
652380,24-04-2024,1
652380,25-04-2024,1
652380,26-04-2024,1
652380,27-04-2024,1
652380,28-04-2024,1
652380,29-04-2024,1
652380,30-04-2024,1
652425,05-12-2023,1
652425,07-01-2024,1
652425,01-02-2024,1
652425,20-02-2024,1
652425,25-02-2024,1
652425,30-03-2024,1
652425,21-04-2024,1
652425,26-04-2024,1
652429,06-04-2023,1
652429,15-06-2023,1
652429,28-12-2023,1
652429,15-01-2024,1
652429,25-01-2024,1
652429,19-02-2024,1
652429,25-02-2024,1
652429,07-03-2024,1
652429,16-03-2024,1
652429,04-04-2024,1
652432,25-12-2023,1
652432,17-01-2024,1
652432,16-02-2024,1
652432,06-03-2024,1
652432,03-04-2024,1
652455,12-10-2023,1
652455,13-10-2023,1
652455,02-12-2023,1
652455,03-12-2023,1
652455,06-12-2023,1
652455,20-01-2024,1
652455,21-01-2024,1
652455,26-02-2024,1
652455,05-03-2024,1
652455,09-04-2024,1
652455,24-04-2024,1
652810,05-08-2023,1
652810,01-12-2023,1
652810,08-02-2024,1
652810,18-02-2024,1
652810,19-02-2024,1
652810,24-02-2024,1
652810,20-03-2024,1
652810,28-03-2024,1
652810,29-03-2024,1
652810,30-03-2024,1
652810,31-03-2024,1
652810,01-04-2024,1
652810,02-04-2024,1
652811,14-06-2023,1
652811,13-12-2023,1
652811,20-12-2023,1
652811,21-12-2023,1
652811,23-12-2023,1
652811,24-12-2023,1
652811,24-12-2023,1
652811,25-12-2023,1
652811,25-12-2023,1
652811,26-12-2023,1
652811,26-12-2023,1
652811,15-01-2024,1
652811,16-01-2024,1
652811,28-01-2024,1
652811,28-01-2024,1
652811,21-02-2024,1
652811,03-03-2024,1
652811,06-03-2024,1
652811,02-04-2024,1
652811,22-04-2024,1
652811,28-04-2024,1
652818,08-04-2023,1
652818,09-12-2023,1
652818,18-01-2024,1
652818,17-02-2024,1
652818,23-03-2024,1
652819,03-02-2024,1
652819,04-02-2024,1
652819,05-02-2024,1
652819,06-02-2024,1
652819,07-02-2024,1
652819,08-02-2024,1
652819,11-02-2024,1
652819,09-03-2024,1
652829,29-04-2023,1
652829,30-11-2023,1
652829,29-02-2024,1
652829,29-03-2024,1
652829,31-03-2024,1
652829,14-04-2024,1
652870,07-12-2023,1
652870,15-01-2024,1
652870,02-03-2024,1
652870,04-03-2024,1
652870,05-03-2024,1
652870,07-03-2024,1
652870,09-03-2024,1
652870,18-04-2024,1
652873,01-12-2023,1
652873,15-03-2024,1
652873,03-04-2024,1
652878,01-12-2023,1
652878,06-12-2023,1
652878,17-12-2023,1
652878,31-12-2023,1
652878,01-01-2024,1
652878,01-01-2024,1
652878,07-01-2024,1
652878,08-01-2024,1
652878,09-01-2024,1
652878,10-01-2024,1
652878,11-01-2024,1
652878,12-01-2024,1
652878,13-01-2024,1
652878,23-01-2024,1
652878,19-02-2024,1
652878,28-02-2024,1
652878,16-03-2024,1
652878,24-04-2024,1
652880,06-05-2023,1
652880,24-05-2023,1
652880,14-06-2023,1
652880,15-06-2023,1
652880,16-06-2023,1
652880,23-06-2023,1
652880,20-07-2023,1
652880,22-07-2023,1
652880,02-08-2023,1
652880,04-08-2023,1
652880,06-09-2023,1
652880,24-11-2023,1
652880,27-11-2023,1
652880,28-11-2023,1
652880,06-12-2023,1
652880,28-12-2023,1
652880,02-01-2024,1
652880,14-01-2024,1
652880,15-01-2024,1
652880,15-01-2024,1
652880,21-01-2024,1
652880,23-01-2024,1
652880,24-01-2024,1
652880,29-01-2024,1
652880,25-02-2024,1
652880,26-02-2024,1
652880,29-02-2024,1
652880,06-03-2024,1
652880,14-03-2024,1
652880,17-03-2024,1
652880,25-03-2024,1
652880,02-04-2024,1
652880,05-04-2024,1
652880,09-04-2024,1
652880,12-04-2024,1
652901,19-12-2023,1
652901,26-12-2023,1
652901,22-01-2024,1
652901,23-01-2024,1
652901,11-02-2024,1
652901,31-03-2024,1
652901,18-04-2024,1
652901,28-04-2024,1
652914,12-04-2024,1
652914,23-04-2024,1
652935,08-06-2023,1
652935,09-06-2023,1
652935,19-11-2023,1
652935,26-11-2023,1
652935,30-11-2023,1
652935,03-12-2023,1
652935,08-12-2023,1
652935,10-12-2023,1
652935,13-12-2023,1
652935,31-12-2023,1
652935,14-01-2024,1
652935,28-01-2024,1
652935,28-02-2024,1
652935,13-03-2024,1
652935,14-03-2024,1
652935,15-03-2024,1
652935,16-03-2024,1
652935,10-04-2024,1
652936,14-12-2023,1
652936,24-12-2023,1
652936,25-12-2023,1
652936,26-12-2023,1
652936,27-12-2023,1
652936,28-12-2023,1
652936,29-12-2023,1
652936,30-12-2023,1
652936,11-02-2024,1
652936,31-03-2024,1
652955,04-03-2024,1
652955,05-03-2024,1
652955,06-03-2024,1
652955,06-03-2024,1
652955,07-03-2024,1
652955,07-03-2024,1
652955,08-03-2024,1
652955,08-03-2024,1
652955,09-03-2024,1
652955,09-03-2024,1
652955,10-03-2024,1
652955,10-03-2024,1
652955,11-03-2024,1
652955,11-03-2024,1
652955,12-03-2024,1
652955,12-03-2024,1
652955,13-03-2024,1
652955,13-03-2024,1
652955,14-03-2024,1
652955,14-03-2024,1
652955,23-03-2024,1
652971,22-07-2023,1
652971,25-11-2023,1
652971,21-12-2023,1
652971,25-12-2023,1
652971,22-01-2024,1
652971,19-02-2024,1
652971,26-02-2024,1
652971,04-04-2024,1
652971,24-04-2024,1
653008,27-12-2023,1
653008,28-12-2023,1
653008,18-01-2024,1
653008,19-01-2024,1
653008,20-01-2024,1
653008,13-03-2024,1
653008,24-03-2024,1
653008,25-03-2024,1
653008,25-03-2024,1
653008,26-03-2024,1
653008,26-03-2024,1
653008,27-03-2024,1
653008,27-03-2024,1
653008,28-03-2024,1
653008,28-03-2024,1
653008,29-03-2024,1
653008,29-03-2024,1
653008,30-03-2024,1
653008,30-03-2024,1
653008,31-03-2024,1
653008,31-03-2024,1
653008,01-04-2024,1
653008,01-04-2024,1
653008,02-04-2024,1
653008,02-04-2024,1
653008,03-04-2024,1
653008,04-04-2024,1
653008,04-04-2024,1
653008,05-04-2024,1
653008,05-04-2024,1
653008,06-04-2024,1
653008,06-04-2024,1
653008,07-04-2024,1
653008,07-04-2024,1
653008,08-04-2024,1
653008,08-04-2024,1
653008,09-04-2024,1
653008,09-04-2024,1
653008,10-04-2024,1
653008,10-04-2024,1
653008,11-04-2024,1
653008,11-04-2024,1
653008,12-04-2024,1
653008,12-04-2024,1
653094,06-05-2023,1
653094,11-05-2023,1
653094,11-12-2023,1
653094,16-12-2023,1
653094,01-01-2024,1
653094,08-01-2024,1
653094,15-01-2024,1
653094,22-01-2024,1
653094,19-03-2024,1
653094,26-03-2024,1
653094,06-04-2024,1
653094,27-04-2024,1
653158,06-05-2023,1
653158,11-12-2023,1
653158,12-12-2023,1
653158,29-12-2023,1
653158,30-12-2023,1
653158,02-01-2024,1
653158,05-01-2024,1
653158,06-01-2024,1
653158,07-01-2024,1
653158,08-01-2024,1
653158,09-01-2024,1
653158,10-01-2024,1
653158,11-01-2024,1
653158,12-01-2024,1
653158,13-01-2024,1
653158,14-01-2024,1
653158,15-01-2024,1
653158,16-01-2024,1
653158,17-01-2024,1
653158,18-01-2024,1
653158,19-01-2024,1
653158,20-01-2024,1
653158,21-01-2024,1
653158,22-01-2024,1
653158,23-01-2024,1
653158,24-01-2024,1
653158,25-01-2024,1
653158,26-01-2024,1
653158,27-01-2024,1
653158,28-01-2024,1
653158,29-01-2024,1
653158,30-01-2024,1
653158,31-01-2024,1
653158,01-02-2024,1
653158,02-02-2024,1
653158,03-02-2024,1
653158,04-02-2024,1
653158,05-02-2024,1
653158,06-02-2024,1
653158,07-02-2024,1
653158,08-02-2024,1
653158,09-02-2024,1
653158,10-02-2024,1
653158,11-02-2024,1
653158,12-02-2024,1
653158,13-02-2024,1
653158,14-02-2024,1
653158,15-02-2024,1
653158,16-02-2024,1
653158,17-02-2024,1
653158,18-02-2024,1
653158,19-02-2024,1
653158,20-02-2024,1
653158,21-02-2024,1
653158,22-02-2024,1
653158,23-02-2024,1
653158,24-02-2024,1
653158,25-02-2024,1
653158,26-02-2024,1
653158,27-02-2024,1
653158,28-02-2024,1
653158,29-02-2024,1
653158,01-03-2024,1
653158,02-03-2024,1
653158,03-03-2024,1
653158,04-03-2024,1
653158,05-03-2024,1
653158,06-03-2024,1
653158,07-03-2024,1
653158,08-03-2024,1
653158,09-03-2024,1
653158,10-03-2024,1
653158,11-03-2024,1
653158,12-03-2024,1
653158,13-03-2024,1
653158,14-03-2024,1
653158,15-03-2024,1
653158,16-03-2024,1
653158,17-03-2024,1
653158,18-03-2024,1
653158,19-03-2024,1
653160,20-05-2023,1
653160,21-05-2023,1
653160,22-05-2023,1
653160,23-05-2023,1
653160,24-05-2023,1
653160,25-05-2023,1
653160,26-05-2023,1
653160,27-05-2023,1
653160,28-05-2023,1
653160,29-05-2023,1
653160,30-05-2023,1
653160,31-05-2023,1
653160,01-06-2023,1
653160,02-06-2023,1
653160,04-01-2024,1
653160,15-01-2024,1
653160,16-01-2024,1
653160,17-01-2024,1
653160,18-01-2024,1
653160,19-01-2024,1
653160,25-01-2024,1
653160,02-03-2024,1
653160,03-03-2024,1
653160,04-03-2024,1
653160,04-04-2024,1
653160,27-04-2024,1
653206,15-12-2023,1
653206,25-12-2023,1
653206,09-02-2024,1
653206,10-02-2024,1
653206,28-03-2024,1
653206,11-04-2024,1
653206,17-04-2024,1
653231,30-12-2023,1
653231,27-01-2024,1
653231,31-01-2024,1
653231,24-02-2024,1
653231,26-02-2024,1
653231,12-04-2024,1
653231,17-04-2024,1
653231,25-04-2024,1
653234,08-12-2023,1
653234,17-12-2023,1
653234,24-12-2023,1
653234,03-03-2024,1
653234,27-03-2024,1
653234,03-04-2024,1
653234,04-04-2024,1
653234,05-04-2024,1
653246,21-05-2023,1
653246,22-05-2023,1
653246,23-05-2023,1
653246,09-12-2023,1
653246,13-01-2024,1
653246,21-03-2024,1
653246,22-03-2024,1
653246,04-04-2024,1
653246,05-04-2024,1
653246,06-04-2024,1
653246,20-04-2024,1
653258,24-07-2023,1
653258,25-07-2023,1
653258,26-07-2023,1
653258,30-07-2023,1
653258,08-08-2023,1
653258,12-08-2023,1
653258,30-11-2023,1
653258,14-12-2023,1
653258,22-12-2023,1
653258,28-12-2023,1
653258,20-01-2024,1
653258,31-01-2024,1
653258,10-02-2024,1
653258,17-02-2024,1
653258,26-02-2024,1
653258,26-03-2024,1
653258,29-03-2024,1
653258,09-04-2024,1
653258,11-04-2024,1
653258,17-04-2024,1
653504,30-11-2023,1
653509,28-05-2023,1
653509,29-05-2023,1
653509,22-06-2023,1
653509,23-11-2023,1
653509,01-12-2023,1
653509,02-12-2023,1
653509,17-12-2023,1
653509,04-01-2024,1
653509,05-01-2024,1
653509,06-01-2024,1
653509,07-01-2024,1
653509,08-01-2024,1
653509,09-01-2024,1
653509,10-01-2024,1
653509,11-01-2024,1
653509,12-01-2024,1
653509,13-01-2024,1
653509,14-01-2024,1
653509,15-01-2024,1
653509,16-01-2024,1
653509,17-01-2024,1
653509,18-01-2024,1
653509,19-01-2024,1
653509,20-01-2024,1
653509,21-01-2024,1
653509,22-01-2024,1
653509,23-01-2024,1
653509,24-01-2024,1
653509,25-01-2024,1
653509,25-01-2024,1
653509,26-01-2024,1
653509,26-01-2024,1
653509,27-01-2024,1
653509,28-01-2024,1
653509,29-01-2024,1
653509,30-01-2024,1
653509,31-01-2024,1
653509,01-02-2024,1
653509,02-02-2024,1
653509,03-02-2024,1
653509,04-02-2024,1
653509,05-02-2024,1
653509,06-02-2024,1
653509,07-02-2024,1
653509,08-02-2024,1
653509,09-02-2024,1
653509,10-02-2024,1
653509,11-02-2024,1
653509,12-02-2024,1
653509,13-02-2024,1
653509,14-02-2024,1
653509,15-02-2024,1
653509,16-02-2024,1
653509,17-02-2024,1
653509,18-02-2024,1
653509,19-02-2024,1
653509,20-02-2024,1
653509,21-02-2024,1
653509,22-02-2024,1
653509,23-02-2024,1
653509,24-02-2024,1
653509,25-02-2024,1
653509,26-02-2024,1
653509,27-02-2024,1
653509,28-02-2024,1
653509,29-02-2024,1
653509,01-03-2024,1
653509,02-03-2024,1
653509,03-03-2024,1
653509,04-03-2024,1
653509,05-03-2024,1
653509,06-03-2024,1
653509,07-03-2024,1
653509,19-03-2024,1
653509,20-03-2024,1
653509,21-03-2024,1
653509,22-03-2024,1
653509,23-03-2024,1
653509,24-03-2024,1
653509,25-03-2024,1
653509,26-03-2024,1
653509,27-03-2024,1
653509,28-03-2024,1
653509,29-03-2024,1
653509,30-03-2024,1
653509,31-03-2024,1
653509,01-04-2024,1
653509,02-04-2024,1
653509,03-04-2024,1
653509,11-04-2024,1
653509,14-04-2024,1
653544,16-06-2023,1
653544,21-07-2023,1
653544,20-09-2023,1
653544,21-11-2023,1
653544,26-12-2023,1
653544,04-01-2024,1
653544,07-01-2024,1
653544,26-01-2024,1
653544,27-01-2024,1
653544,02-02-2024,1
653544,03-02-2024,1
653544,04-02-2024,1
653544,04-02-2024,1
653544,05-02-2024,1
653544,06-02-2024,1
653544,16-02-2024,1
653544,26-02-2024,1
653544,16-03-2024,1
653544,02-04-2024,1
653544,13-04-2024,1
653544,14-04-2024,1
653544,24-04-2024,1
653544,25-04-2024,1
653544,27-04-2024,1
653544,28-04-2024,1
653544,29-04-2024,1
653544,30-04-2024,1
653552,21-05-2023,1
653552,11-06-2023,1
653552,12-06-2023,1
653552,15-06-2023,1
653552,13-08-2023,1
653552,16-11-2023,1
653552,21-11-2023,1
653552,01-12-2023,1
653552,10-01-2024,1
653552,16-01-2024,1
653552,28-01-2024,1
653552,09-02-2024,1
653552,22-02-2024,1
653552,25-02-2024,1
653552,26-02-2024,1
653552,12-03-2024,1
653552,13-03-2024,1
653552,14-03-2024,1
653552,19-03-2024,1
653552,28-03-2024,1
653552,09-04-2024,1
653582,06-05-2023,1
653582,25-05-2023,1
653582,31-05-2023,1
653582,18-06-2023,1
653582,15-08-2023,1
653582,23-09-2023,1
653582,30-11-2023,1
653582,13-12-2023,1
653582,14-12-2023,1
653582,15-12-2023,1
653582,18-12-2023,1
653582,23-12-2023,1
653582,06-01-2024,1
653582,15-01-2024,1
653582,16-01-2024,1
653582,03-02-2024,1
653582,14-02-2024,1
653582,15-02-2024,1
653582,22-02-2024,1
653582,29-02-2024,1
653582,11-03-2024,1
653582,12-03-2024,1
653582,13-03-2024,1
653582,14-03-2024,1
653582,15-03-2024,1
653582,16-03-2024,1
653582,26-03-2024,1
653582,20-04-2024,1
653748,17-12-2023,1
653748,18-12-2023,1
653748,10-01-2024,1
653748,14-02-2024,1
653748,05-04-2024,1
653748,06-04-2024,1
653748,07-04-2024,1
653748,08-04-2024,1
653748,27-04-2024,1
653751,16-01-2024,1
825585,16-07-2023,1
825585,27-01-2024,1
825585,28-01-2024,1
825585,14-02-2024,1
825585,15-02-2024,1
825585,01-03-2024,1
825585,12-03-2024,1
825585,14-03-2024,1
825585,19-03-2024,1
825585,20-03-2024,1
825585,21-03-2024,1
825585,22-03-2024,1
825585,23-03-2024,1
825585,24-03-2024,1
825585,25-03-2024,1
825585,26-03-2024,1
825585,27-03-2024,1
825585,28-03-2024,1
825585,29-03-2024,1
825585,30-03-2024,1
825585,31-03-2024,1
825585,01-04-2024,1
825585,02-04-2024,1
825585,05-04-2024,1
825882,03-12-2023,1
825882,09-01-2024,1
825882,16-01-2024,1
825882,10-02-2024,1
825882,11-02-2024,1
825882,12-02-2024,1
825882,12-03-2024,1
825882,16-03-2024,1
825882,29-03-2024,1
825882,20-04-2024,1
825882,28-04-2024,1
